what,kind,bundleId,bundleVersion,description,time
activated,workbench,org.eclipse.ui.workbench,3.7.1.v20120104-1859,"",1427239720285
opened,editor,org.eclipse.cdt.ui,5.3.2.201202111925,"org.eclipse.cdt.ui.editor.CEditor",1427239722777
activated,editor,org.eclipse.cdt.ui,5.3.2.201202111925,"org.eclipse.cdt.ui.editor.CEditor",1427239722788
activated,view,org.eclipse.ui.navigator.resources,3.4.300.v20110928-1505,"org.eclipse.ui.navigator.ProjectExplorer",1427239723282
deactivated,workbench,org.eclipse.ui.workbench,3.7.1.v20120104-1859,"",1427239725007
activated,workbench,org.eclipse.ui.workbench,3.7.1.v20120104-1859,"",1427239737302
activated,editor,org.eclipse.cdt.ui,5.3.2.201202111925,"org.eclipse.cdt.ui.editor.CEditor",1427239743715
executed,command,org.eclipse.ui,3.7.0.v20110928-1505,"org.eclipse.ui.edit.selectAll",1427239743926
executed,command,org.eclipse.ui,3.7.0.v20110928-1505,"org.eclipse.ui.edit.delete",1427239744506
executed,command,org.eclipse.ui,3.7.0.v20110928-1505,"org.eclipse.ui.edit.paste",1427239744685
executed,command,org.eclipse.ui,3.7.0.v20110928-1505,"org.eclipse.ui.file.save",1427239745073
activated,view,org.eclipse.ui.navigator.resources,3.4.300.v20110928-1505,"org.eclipse.ui.navigator.ProjectExplorer",1427239749278
deactivated,workbench,org.eclipse.ui.workbench,3.7.1.v20120104-1859,"",1427239750932
activated,workbench,org.eclipse.ui.workbench,3.7.1.v20120104-1859,"",1427239751824
activated,editor,org.eclipse.cdt.ui,5.3.2.201202111925,"org.eclipse.cdt.ui.editor.CEditor",1427239752760
deactivated,workbench,org.eclipse.ui.workbench,3.7.1.v20120104-1859,"",1427239755831
activated,workbench,org.eclipse.ui.workbench,3.7.1.v20120104-1859,"",1427239759523
activated,view,org.eclipse.ui.navigator.resources,3.4.300.v20110928-1505,"org.eclipse.ui.navigator.ProjectExplorer",1427239759531
deactivated,workbench,org.eclipse.ui.workbench,3.7.1.v20120104-1859,"",1427239763737
activated,workbench,org.eclipse.ui.workbench,3.7.1.v20120104-1859,"",1427239769386
opened,editor,org.eclipse.cdt.ui,5.3.2.201202111925,"org.eclipse.cdt.ui.editor.CEditor",1427239769946
activated,editor,org.eclipse.cdt.ui,5.3.2.201202111925,"org.eclipse.cdt.ui.editor.CEditor",1427239769961
deactivated,workbench,org.eclipse.ui.workbench,3.7.1.v20120104-1859,"",1427239769973
activated,workbench,org.eclipse.ui.workbench,3.7.1.v20120104-1859,"",1427239780500
executed,command,org.eclipse.ui,3.7.0.v20110928-1505,"org.eclipse.ui.edit.selectAll",1427239780708
executed,command,org.eclipse.ui,3.7.0.v20110928-1505,"org.eclipse.ui.edit.delete",1427239781311
executed,command,org.eclipse.ui,3.7.0.v20110928-1505,"org.eclipse.ui.edit.paste",1427239781451
executed,command,org.eclipse.ui,3.7.0.v20110928-1505,"org.eclipse.ui.file.save",1427239781832
activated,view,org.eclipse.ui.navigator.resources,3.4.300.v20110928-1505,"org.eclipse.ui.navigator.ProjectExplorer",1427239783284
deactivated,workbench,org.eclipse.ui.workbench,3.7.1.v20120104-1859,"",1427239785015
activated,workbench,org.eclipse.ui.workbench,3.7.1.v20120104-1859,"",1427239790129
deactivated,workbench,org.eclipse.ui.workbench,3.7.1.v20120104-1859,"",1427239790409
opened,editor,org.eclipse.cdt.ui,5.3.2.201202111925,"org.eclipse.cdt.ui.editor.CEditor",1427239790446
activated,workbench,org.eclipse.ui.workbench,3.7.1.v20120104-1859,"",1427239790460
activated,editor,org.eclipse.cdt.ui,5.3.2.201202111925,"org.eclipse.cdt.ui.editor.CEditor",1427239790467
deactivated,workbench,org.eclipse.ui.workbench,3.7.1.v20120104-1859,"",1427239790531
activated,workbench,org.eclipse.ui.workbench,3.7.1.v20120104-1859,"",1427239796635
executed,command,org.eclipse.ui,3.7.0.v20110928-1505,"org.eclipse.ui.edit.paste",1427239796944
executed,command,org.eclipse.ui,3.7.0.v20110928-1505,"org.eclipse.ui.edit.selectAll",1427239797387
executed,command,org.eclipse.ui,3.7.0.v20110928-1505,"org.eclipse.ui.edit.delete",1427239797964
executed,command,org.eclipse.ui,3.7.0.v20110928-1505,"org.eclipse.ui.edit.paste",1427239798182
executed,command,org.eclipse.ui,3.7.0.v20110928-1505,"org.eclipse.ui.file.save",1427239798480
activated,view,org.eclipse.ui.navigator.resources,3.4.300.v20110928-1505,"org.eclipse.ui.navigator.ProjectExplorer",1427239799491
deactivated,workbench,org.eclipse.ui.workbench,3.7.1.v20120104-1859,"",1427239801122
activated,workbench,org.eclipse.ui.workbench,3.7.1.v20120104-1859,"",1427239805057
deactivated,workbench,org.eclipse.ui.workbench,3.7.1.v20120104-1859,"",1427239805096
activated,workbench,org.eclipse.ui.workbench,3.7.1.v20120104-1859,"",1427239808747
activated,editor,org.eclipse.cdt.ui,5.3.2.201202111925,"org.eclipse.cdt.ui.editor.CEditor",1427239809863
executed,command,org.eclipse.ui,3.7.0.v20110928-1505,"org.eclipse.ui.edit.copy",1427239818139
executed,command,org.eclipse.ui,3.7.0.v20110928-1505,"org.eclipse.ui.edit.paste",1427239819591
executed,command,org.eclipse.ui,3.7.0.v20110928-1505,"org.eclipse.ui.file.save",1427239822604
executed,command,org.eclipse.ui,3.7.0.v20110928-1505,"org.eclipse.ui.file.save",1427239825715
activated,view,org.eclipse.ui.navigator.resources,3.4.300.v20110928-1505,"org.eclipse.ui.navigator.ProjectExplorer",1427239826562
deactivated,workbench,org.eclipse.ui.workbench,3.7.1.v20120104-1859,"",1427239828807
activated,workbench,org.eclipse.ui.workbench,3.7.1.v20120104-1859,"",1427239830277
started,bundle,org.eclipse.cdt.debug.core,7.1.0.201202111925,"org.eclipse.cdt.debug.core",1427239837878
started,bundle,org.eclipse.cdt.debug.ui,7.1.2.201202111925,"org.eclipse.cdt.debug.ui",1427239837880
deactivated,workbench,org.eclipse.ui.workbench,3.7.1.v20120104-1859,"",1427239838717
activated,workbench,org.eclipse.ui.workbench,3.7.1.v20120104-1859,"",1427239839685
executed,command,,,"com.altera.sbtgui.launch.hardware.Nios2HardwareLaunchShortcut.run",1427239840184
started,bundle,org.eclipse.cdt.launch,7.0.0.201202111925,"org.eclipse.cdt.launch",1427239840190
activated,editor,org.eclipse.cdt.ui,5.3.2.201202111925,"org.eclipse.cdt.ui.editor.CEditor",1427239841217
opened,view,com.altera.sbtgui.launch,12.1.1.243,"com.altera.sbtgui.launch.hardware.ByteStreamConsoleView",1427239841782
started,bundle,org.eclipse.cdt.debug.mi.ui,6.1.1.201202111925,"org.eclipse.cdt.debug.mi.ui",1427239841982
started,bundle,org.eclipse.cdt.debug.mi.core,7.1.1.201202111925,"org.eclipse.cdt.debug.mi.core",1427239841988
activated,editor,org.eclipse.cdt.ui,5.3.2.201202111925,"org.eclipse.cdt.ui.editor.CEditor",1427239857849
executed,command,org.eclipse.ui,3.7.0.v20110928-1505,"org.eclipse.ui.file.save",1427239868212
activated,editor,org.eclipse.cdt.ui,5.3.2.201202111925,"org.eclipse.cdt.ui.editor.CEditor",1427239873111
activated,editor,org.eclipse.cdt.ui,5.3.2.201202111925,"org.eclipse.cdt.ui.editor.CEditor",1427239874610
executed,command,org.eclipse.ui,3.7.0.v20110928-1505,"org.eclipse.ui.edit.copy",1427239884460
activated,editor,org.eclipse.cdt.ui,5.3.2.201202111925,"org.eclipse.cdt.ui.editor.CEditor",1427239885102
executed,command,org.eclipse.ui,3.7.0.v20110928-1505,"org.eclipse.ui.edit.paste",1427239887071
executed,command,org.eclipse.ui,3.7.0.v20110928-1505,"org.eclipse.ui.edit.paste",1427239888143
executed,command,org.eclipse.ui,3.7.0.v20110928-1505,"org.eclipse.ui.file.save",1427239895103
activated,editor,org.eclipse.cdt.ui,5.3.2.201202111925,"org.eclipse.cdt.ui.editor.CEditor",1427239896750
activated,editor,org.eclipse.cdt.ui,5.3.2.201202111925,"org.eclipse.cdt.ui.editor.CEditor",1427239898605
executed,command,org.eclipse.ui,3.7.0.v20110928-1505,"org.eclipse.ui.file.save",1427239900694
activated,editor,org.eclipse.cdt.ui,5.3.2.201202111925,"org.eclipse.cdt.ui.editor.CEditor",1427239902013
executed,command,org.eclipse.ui,3.7.0.v20110928-1505,"org.eclipse.ui.edit.text.contentAssist.proposals",1427239905323
executed,command,org.eclipse.ui,3.7.0.v20110928-1505,"org.eclipse.ui.edit.text.contentAssist.proposals",1427239907324
executed,command,org.eclipse.ui,3.7.0.v20110928-1505,"org.eclipse.ui.file.save",1427239914278
executed,command,org.eclipse.ui,3.7.0.v20110928-1505,"org.eclipse.ui.file.save",1427239915678
executed,command,org.eclipse.ui,3.7.0.v20110928-1505,"org.eclipse.ui.edit.copy",1427239918290
executed,command,org.eclipse.ui,3.7.0.v20110928-1505,"org.eclipse.ui.edit.paste",1427239919552
executed,command,org.eclipse.ui,3.7.0.v20110928-1505,"org.eclipse.ui.file.saveAll",1427239925770
activated,view,org.eclipse.ui.navigator.resources,3.4.300.v20110928-1505,"org.eclipse.ui.navigator.ProjectExplorer",1427239926237
deactivated,workbench,org.eclipse.ui.workbench,3.7.1.v20120104-1859,"",1427239929536
activated,workbench,org.eclipse.ui.workbench,3.7.1.v20120104-1859,"",1427239931004
activated,editor,org.eclipse.cdt.ui,5.3.2.201202111925,"org.eclipse.cdt.ui.editor.CEditor",1427239933925
activated,view,org.eclipse.ui.navigator.resources,3.4.300.v20110928-1505,"org.eclipse.ui.navigator.ProjectExplorer",1427239935747
activated,editor,org.eclipse.cdt.ui,5.3.2.201202111925,"org.eclipse.cdt.ui.editor.CEditor",1427239938117
activated,view,org.eclipse.ui.navigator.resources,3.4.300.v20110928-1505,"org.eclipse.ui.navigator.ProjectExplorer",1427239939330
deactivated,workbench,org.eclipse.ui.workbench,3.7.1.v20120104-1859,"",1427239941227
activated,workbench,org.eclipse.ui.workbench,3.7.1.v20120104-1859,"",1427239942185
executed,command,,,"com.altera.sbtgui.launch.hardware.Nios2HardwareLaunchShortcut.run",1427239942331
activated,view,com.altera.sbtgui.launch,12.1.1.243,"com.altera.sbtgui.launch.hardware.ByteStreamConsoleView",1427239943634
activated,view,org.eclipse.ui.console,3.5.100.v20111007_r372,"org.eclipse.ui.console.ConsoleView",1427239944380
activated,view,com.altera.sbtgui.launch,12.1.1.243,"com.altera.sbtgui.launch.hardware.ByteStreamConsoleView",1427239948322
activated,editor,org.eclipse.cdt.ui,5.3.2.201202111925,"org.eclipse.cdt.ui.editor.CEditor",1427239956924
executed,command,org.eclipse.ui,3.7.0.v20110928-1505,"org.eclipse.ui.file.save",1427239962644
activated,editor,org.eclipse.cdt.ui,5.3.2.201202111925,"org.eclipse.cdt.ui.editor.CEditor",1427239965985
activated,editor,org.eclipse.cdt.ui,5.3.2.201202111925,"org.eclipse.cdt.ui.editor.CEditor",1427239968545
activated,editor,org.eclipse.cdt.ui,5.3.2.201202111925,"org.eclipse.cdt.ui.editor.CEditor",1427239970136
executed,command,org.eclipse.ui,3.7.0.v20110928-1505,"org.eclipse.ui.edit.copy",1427239973743
activated,editor,org.eclipse.cdt.ui,5.3.2.201202111925,"org.eclipse.cdt.ui.editor.CEditor",1427239974136
executed,command,org.eclipse.ui,3.7.0.v20110928-1505,"org.eclipse.ui.edit.paste",1427239975955
executed,command,org.eclipse.ui,3.7.0.v20110928-1505,"org.eclipse.ui.file.save",1427239976388
activated,view,org.eclipse.ui.navigator.resources,3.4.300.v20110928-1505,"org.eclipse.ui.navigator.ProjectExplorer",1427239977528
deactivated,workbench,org.eclipse.ui.workbench,3.7.1.v20120104-1859,"",1427239979219
activated,workbench,org.eclipse.ui.workbench,3.7.1.v20120104-1859,"",1427239980694
deactivated,workbench,org.eclipse.ui.workbench,3.7.1.v20120104-1859,"",1427239986399
activated,workbench,org.eclipse.ui.workbench,3.7.1.v20120104-1859,"",1427239987363
executed,command,,,"com.altera.sbtgui.launch.hardware.Nios2HardwareLaunchShortcut.run",1427239987508
activated,view,com.altera.sbtgui.launch,12.1.1.243,"com.altera.sbtgui.launch.hardware.ByteStreamConsoleView",1427239988793
activated,editor,org.eclipse.cdt.ui,5.3.2.201202111925,"org.eclipse.cdt.ui.editor.CEditor",1427239989320
executed,command,org.eclipse.ui,3.7.0.v20110928-1505,"org.eclipse.ui.edit.copy",1427240018372
executed,command,org.eclipse.ui,3.7.0.v20110928-1505,"org.eclipse.ui.edit.paste",1427240019128
executed,command,org.eclipse.ui,3.7.0.v20110928-1505,"org.eclipse.ui.file.save",1427240019376
executed,command,org.eclipse.ui,3.7.0.v20110928-1505,"org.eclipse.ui.edit.cut",1427240040149
executed,command,org.eclipse.ui,3.7.0.v20110928-1505,"org.eclipse.ui.edit.paste",1427240045801
executed,command,org.eclipse.ui,3.7.0.v20110928-1505,"org.eclipse.ui.file.save",1427240046376
executed,command,org.eclipse.ui,3.7.0.v20110928-1505,"org.eclipse.ui.file.save",1427240060503
executed,command,org.eclipse.ui,3.7.0.v20110928-1505,"org.eclipse.ui.edit.undo",1427240063586
executed,command,org.eclipse.ui,3.7.0.v20110928-1505,"org.eclipse.ui.edit.copy",1427240067625
executed,command,org.eclipse.ui,3.7.0.v20110928-1505,"org.eclipse.ui.edit.paste",1427240069079
executed,command,org.eclipse.ui,3.7.0.v20110928-1505,"org.eclipse.ui.file.save",1427240069454
activated,editor,org.eclipse.cdt.ui,5.3.2.201202111925,"org.eclipse.cdt.ui.editor.CEditor",1427240081490
executed,command,org.eclipse.ui,3.7.0.v20110928-1505,"org.eclipse.ui.edit.text.contentAssist.proposals",1427240084591
executed,command,org.eclipse.ui,3.7.0.v20110928-1505,"org.eclipse.ui.file.save",1427240092931
executed,command,org.eclipse.ui,3.7.0.v20110928-1505,"org.eclipse.ui.file.save",1427240094011
activated,view,org.eclipse.ui.navigator.resources,3.4.300.v20110928-1505,"org.eclipse.ui.navigator.ProjectExplorer",1427240095345
deactivated,workbench,org.eclipse.ui.workbench,3.7.1.v20120104-1859,"",1427240097931
activated,workbench,org.eclipse.ui.workbench,3.7.1.v20120104-1859,"",1427240099343
deactivated,workbench,org.eclipse.ui.workbench,3.7.1.v20120104-1859,"",1427240101432
activated,workbench,org.eclipse.ui.workbench,3.7.1.v20120104-1859,"",1427240102384
executed,command,,,"com.altera.sbtgui.launch.hardware.Nios2HardwareLaunchShortcut.run",1427240102520
activated,view,com.altera.sbtgui.launch,12.1.1.243,"com.altera.sbtgui.launch.hardware.ByteStreamConsoleView",1427240103799
activated,view,org.eclipse.ui.console,3.5.100.v20111007_r372,"org.eclipse.ui.console.ConsoleView",1427240104551
activated,view,com.altera.sbtgui.launch,12.1.1.243,"com.altera.sbtgui.launch.hardware.ByteStreamConsoleView",1427240109137
activated,editor,org.eclipse.cdt.ui,5.3.2.201202111925,"org.eclipse.cdt.ui.editor.CEditor",1427240136161
activated,editor,org.eclipse.cdt.ui,5.3.2.201202111925,"org.eclipse.cdt.ui.editor.CEditor",1427240142614
executed,command,org.eclipse.ui,3.7.0.v20110928-1505,"org.eclipse.ui.edit.undo",1427240155697
executed,command,org.eclipse.ui,3.7.0.v20110928-1505,"org.eclipse.ui.edit.copy",1427240156739
executed,command,org.eclipse.ui,3.7.0.v20110928-1505,"org.eclipse.ui.edit.paste",1427240160295
executed,command,org.eclipse.ui,3.7.0.v20110928-1505,"org.eclipse.ui.file.save",1427240160697
activated,view,org.eclipse.ui.navigator.resources,3.4.300.v20110928-1505,"org.eclipse.ui.navigator.ProjectExplorer",1427240162436
deactivated,workbench,org.eclipse.ui.workbench,3.7.1.v20120104-1859,"",1427240164200
activated,workbench,org.eclipse.ui.workbench,3.7.1.v20120104-1859,"",1427240165620
deactivated,workbench,org.eclipse.ui.workbench,3.7.1.v20120104-1859,"",1427240168614
activated,workbench,org.eclipse.ui.workbench,3.7.1.v20120104-1859,"",1427240169576
executed,command,,,"com.altera.sbtgui.launch.hardware.Nios2HardwareLaunchShortcut.run",1427240169714
activated,view,com.altera.sbtgui.launch,12.1.1.243,"com.altera.sbtgui.launch.hardware.ByteStreamConsoleView",1427240170997
activated,view,org.eclipse.ui.console,3.5.100.v20111007_r372,"org.eclipse.ui.console.ConsoleView",1427240171753
activated,view,com.altera.sbtgui.launch,12.1.1.243,"com.altera.sbtgui.launch.hardware.ByteStreamConsoleView",1427240175783
activated,editor,org.eclipse.cdt.ui,5.3.2.201202111925,"org.eclipse.cdt.ui.editor.CEditor",1427240183004
executed,command,org.eclipse.ui,3.7.0.v20110928-1505,"org.eclipse.ui.file.save",1427240185199
executed,command,org.eclipse.ui,3.7.0.v20110928-1505,"org.eclipse.ui.edit.copy",1427240191161
executed,command,org.eclipse.ui,3.7.0.v20110928-1505,"org.eclipse.ui.edit.paste",1427240193044
executed,command,org.eclipse.ui,3.7.0.v20110928-1505,"org.eclipse.ui.file.save",1427240193326
activated,view,org.eclipse.ui.navigator.resources,3.4.300.v20110928-1505,"org.eclipse.ui.navigator.ProjectExplorer",1427240194810
deactivated,workbench,org.eclipse.ui.workbench,3.7.1.v20120104-1859,"",1427240196050
activated,workbench,org.eclipse.ui.workbench,3.7.1.v20120104-1859,"",1427240197517
deactivated,workbench,org.eclipse.ui.workbench,3.7.1.v20120104-1859,"",1427240200049
activated,workbench,org.eclipse.ui.workbench,3.7.1.v20120104-1859,"",1427240201111
executed,command,,,"com.altera.sbtgui.launch.hardware.Nios2HardwareLaunchShortcut.run",1427240201250
activated,view,com.altera.sbtgui.launch,12.1.1.243,"com.altera.sbtgui.launch.hardware.ByteStreamConsoleView",1427240202580
activated,view,org.eclipse.ui.console,3.5.100.v20111007_r372,"org.eclipse.ui.console.ConsoleView",1427240203345
activated,view,com.altera.sbtgui.launch,12.1.1.243,"com.altera.sbtgui.launch.hardware.ByteStreamConsoleView",1427240207272
activated,editor,org.eclipse.cdt.ui,5.3.2.201202111925,"org.eclipse.cdt.ui.editor.CEditor",1427240209946
executed,command,org.eclipse.ui,3.7.0.v20110928-1505,"org.eclipse.ui.file.saveAll",1427240227417
activated,view,org.eclipse.ui.navigator.resources,3.4.300.v20110928-1505,"org.eclipse.ui.navigator.ProjectExplorer",1427240227960
deactivated,workbench,org.eclipse.ui.workbench,3.7.1.v20120104-1859,"",1427240230413
activated,workbench,org.eclipse.ui.workbench,3.7.1.v20120104-1859,"",1427240231888
activated,editor,org.eclipse.cdt.ui,5.3.2.201202111925,"org.eclipse.cdt.ui.editor.CEditor",1427240232732
executed,command,org.eclipse.ui,3.7.0.v20110928-1505,"org.eclipse.ui.file.saveAll",1427240245845
activated,view,org.eclipse.ui.navigator.resources,3.4.300.v20110928-1505,"org.eclipse.ui.navigator.ProjectExplorer",1427240246319
deactivated,workbench,org.eclipse.ui.workbench,3.7.1.v20120104-1859,"",1427240249540
activated,workbench,org.eclipse.ui.workbench,3.7.1.v20120104-1859,"",1427240250960
deactivated,workbench,org.eclipse.ui.workbench,3.7.1.v20120104-1859,"",1427240253325
activated,workbench,org.eclipse.ui.workbench,3.7.1.v20120104-1859,"",1427240254281
executed,command,,,"com.altera.sbtgui.launch.hardware.Nios2HardwareLaunchShortcut.run",1427240254420
activated,editor,org.eclipse.cdt.ui,5.3.2.201202111925,"org.eclipse.cdt.ui.editor.CEditor",1427240255522
activated,view,com.altera.sbtgui.launch,12.1.1.243,"com.altera.sbtgui.launch.hardware.ByteStreamConsoleView",1427240255762
activated,view,org.eclipse.ui.console,3.5.100.v20111007_r372,"org.eclipse.ui.console.ConsoleView",1427240256552
activated,view,com.altera.sbtgui.launch,12.1.1.243,"com.altera.sbtgui.launch.hardware.ByteStreamConsoleView",1427240260417
activated,editor,org.eclipse.cdt.ui,5.3.2.201202111925,"org.eclipse.cdt.ui.editor.CEditor",1427240261998
executed,command,org.eclipse.ui,3.7.0.v20110928-1505,"org.eclipse.ui.file.save",1427240273865
executed,command,org.eclipse.ui,3.7.0.v20110928-1505,"org.eclipse.ui.edit.copy",1427240283803
executed,command,org.eclipse.ui,3.7.0.v20110928-1505,"org.eclipse.ui.edit.paste",1427240285734
executed,command,org.eclipse.ui,3.7.0.v20110928-1505,"org.eclipse.ui.file.save",1427240286008
activated,view,org.eclipse.ui.navigator.resources,3.4.300.v20110928-1505,"org.eclipse.ui.navigator.ProjectExplorer",1427240287612
deactivated,workbench,org.eclipse.ui.workbench,3.7.1.v20120104-1859,"",1427240289329
activated,workbench,org.eclipse.ui.workbench,3.7.1.v20120104-1859,"",1427240290693
activated,editor,org.eclipse.cdt.ui,5.3.2.201202111925,"org.eclipse.cdt.ui.editor.CEditor",1427240293302
activated,editor,org.eclipse.cdt.ui,5.3.2.201202111925,"org.eclipse.cdt.ui.editor.CEditor",1427240294068
executed,command,org.eclipse.ui,3.7.0.v20110928-1505,"org.eclipse.ui.file.save",1427240300125
activated,view,org.eclipse.ui.navigator.resources,3.4.300.v20110928-1505,"org.eclipse.ui.navigator.ProjectExplorer",1427240303218
deactivated,workbench,org.eclipse.ui.workbench,3.7.1.v20120104-1859,"",1427240304624
activated,workbench,org.eclipse.ui.workbench,3.7.1.v20120104-1859,"",1427240305399
deactivated,workbench,org.eclipse.ui.workbench,3.7.1.v20120104-1859,"",1427240310115
activated,workbench,org.eclipse.ui.workbench,3.7.1.v20120104-1859,"",1427240311170
executed,command,,,"com.altera.sbtgui.launch.hardware.Nios2HardwareLaunchShortcut.run",1427240311310
activated,editor,org.eclipse.cdt.ui,5.3.2.201202111925,"org.eclipse.cdt.ui.editor.CEditor",1427240312461
activated,view,com.altera.sbtgui.launch,12.1.1.243,"com.altera.sbtgui.launch.hardware.ByteStreamConsoleView",1427240312718
activated,view,org.eclipse.ui.console,3.5.100.v20111007_r372,"org.eclipse.ui.console.ConsoleView",1427240313521
activated,view,com.altera.sbtgui.launch,12.1.1.243,"com.altera.sbtgui.launch.hardware.ByteStreamConsoleView",1427240317432
activated,editor,org.eclipse.cdt.ui,5.3.2.201202111925,"org.eclipse.cdt.ui.editor.CEditor",1427240322205
executed,command,org.eclipse.ui,3.7.0.v20110928-1505,"org.eclipse.ui.edit.cut",1427240329306
executed,command,org.eclipse.ui,3.7.0.v20110928-1505,"org.eclipse.ui.edit.paste",1427240331405
executed,command,org.eclipse.ui,3.7.0.v20110928-1505,"org.eclipse.ui.file.save",1427240332776
executed,command,org.eclipse.ui,3.7.0.v20110928-1505,"org.eclipse.ui.file.saveAll",1427240358528
activated,view,org.eclipse.ui.navigator.resources,3.4.300.v20110928-1505,"org.eclipse.ui.navigator.ProjectExplorer",1427240359111
deactivated,workbench,org.eclipse.ui.workbench,3.7.1.v20120104-1859,"",1427240360546
activated,workbench,org.eclipse.ui.workbench,3.7.1.v20120104-1859,"",1427240362023
deactivated,workbench,org.eclipse.ui.workbench,3.7.1.v20120104-1859,"",1427240365015
activated,workbench,org.eclipse.ui.workbench,3.7.1.v20120104-1859,"",1427240366011
executed,command,,,"com.altera.sbtgui.launch.hardware.Nios2HardwareLaunchShortcut.run",1427240366147
activated,view,com.altera.sbtgui.launch,12.1.1.243,"com.altera.sbtgui.launch.hardware.ByteStreamConsoleView",1427240367437
activated,view,org.eclipse.ui.console,3.5.100.v20111007_r372,"org.eclipse.ui.console.ConsoleView",1427240368192
activated,view,com.altera.sbtgui.launch,12.1.1.243,"com.altera.sbtgui.launch.hardware.ByteStreamConsoleView",1427240372178
activated,editor,org.eclipse.cdt.ui,5.3.2.201202111925,"org.eclipse.cdt.ui.editor.CEditor",1427240376239
executed,command,org.eclipse.ui,3.7.0.v20110928-1505,"org.eclipse.ui.edit.undo",1427240380092
executed,command,org.eclipse.ui,3.7.0.v20110928-1505,"org.eclipse.ui.edit.undo",1427240381036
executed,command,org.eclipse.ui,3.7.0.v20110928-1505,"org.eclipse.ui.file.save",1427240381642
activated,view,org.eclipse.ui.navigator.resources,3.4.300.v20110928-1505,"org.eclipse.ui.navigator.ProjectExplorer",1427240383725
deactivated,workbench,org.eclipse.ui.workbench,3.7.1.v20120104-1859,"",1427240385248
activated,workbench,org.eclipse.ui.workbench,3.7.1.v20120104-1859,"",1427240386717
deactivated,workbench,org.eclipse.ui.workbench,3.7.1.v20120104-1859,"",1427240390541
activated,workbench,org.eclipse.ui.workbench,3.7.1.v20120104-1859,"",1427240391602
executed,command,,,"com.altera.sbtgui.launch.hardware.Nios2HardwareLaunchShortcut.run",1427240391743
activated,view,com.altera.sbtgui.launch,12.1.1.243,"com.altera.sbtgui.launch.hardware.ByteStreamConsoleView",1427240393018
activated,view,org.eclipse.ui.console,3.5.100.v20111007_r372,"org.eclipse.ui.console.ConsoleView",1427240393783
activated,view,com.altera.sbtgui.launch,12.1.1.243,"com.altera.sbtgui.launch.hardware.ByteStreamConsoleView",1427240397719
activated,editor,org.eclipse.cdt.ui,5.3.2.201202111925,"org.eclipse.cdt.ui.editor.CEditor",1427240399598
executed,command,org.eclipse.ui,3.7.0.v20110928-1505,"org.eclipse.ui.edit.undo",1427240405577
executed,command,org.eclipse.ui,3.7.0.v20110928-1505,"org.eclipse.ui.edit.undo",1427240405847
executed,command,org.eclipse.ui,3.7.0.v20110928-1505,"org.eclipse.ui.edit.undo",1427240406153
executed,command,org.eclipse.ui,3.7.0.v20110928-1505,"org.eclipse.ui.edit.undo",1427240406443
executed,command,org.eclipse.ui,3.7.0.v20110928-1505,"org.eclipse.ui.edit.undo",1427240406716
executed,command,org.eclipse.ui,3.7.0.v20110928-1505,"org.eclipse.ui.edit.undo",1427240407122
executed,command,org.eclipse.ui,3.7.0.v20110928-1505,"org.eclipse.ui.file.save",1427240409737
executed,command,org.eclipse.ui,3.7.0.v20110928-1505,"org.eclipse.ui.edit.undo",1427240410171
executed,command,org.eclipse.ui,3.7.0.v20110928-1505,"org.eclipse.ui.edit.undo",1427240412521
executed,command,org.eclipse.ui,3.7.0.v20110928-1505,"org.eclipse.ui.edit.undo",1427240413008
executed,command,org.eclipse.ui,3.7.0.v20110928-1505,"org.eclipse.ui.file.saveAll",1427240415300
executed,command,org.eclipse.ui,3.7.0.v20110928-1505,"org.eclipse.ui.edit.cut",1427240419260
executed,command,org.eclipse.ui,3.7.0.v20110928-1505,"org.eclipse.ui.edit.undo",1427240420470
executed,command,org.eclipse.ui,3.7.0.v20110928-1505,"org.eclipse.ui.edit.copy",1427240421306
executed,command,org.eclipse.ui,3.7.0.v20110928-1505,"org.eclipse.ui.edit.copy",1427240423458
executed,command,org.eclipse.ui,3.7.0.v20110928-1505,"org.eclipse.ui.edit.paste",1427240425500
executed,command,org.eclipse.ui,3.7.0.v20110928-1505,"org.eclipse.ui.file.save",1427240425783
activated,editor,org.eclipse.cdt.ui,5.3.2.201202111925,"org.eclipse.cdt.ui.editor.CEditor",1427240428692
activated,editor,org.eclipse.cdt.ui,5.3.2.201202111925,"org.eclipse.cdt.ui.editor.CEditor",1427240431373
executed,command,org.eclipse.ui,3.7.0.v20110928-1505,"org.eclipse.ui.file.saveAll",1427240434330
activated,view,org.eclipse.ui.navigator.resources,3.4.300.v20110928-1505,"org.eclipse.ui.navigator.ProjectExplorer",1427240434736
deactivated,workbench,org.eclipse.ui.workbench,3.7.1.v20120104-1859,"",1427240436743
activated,workbench,org.eclipse.ui.workbench,3.7.1.v20120104-1859,"",1427240438062
deactivated,workbench,org.eclipse.ui.workbench,3.7.1.v20120104-1859,"",1427240441234
activated,workbench,org.eclipse.ui.workbench,3.7.1.v20120104-1859,"",1427240442254
executed,command,,,"com.altera.sbtgui.launch.hardware.Nios2HardwareLaunchShortcut.run",1427240442396
activated,view,com.altera.sbtgui.launch,12.1.1.243,"com.altera.sbtgui.launch.hardware.ByteStreamConsoleView",1427240443662
activated,view,org.eclipse.ui.console,3.5.100.v20111007_r372,"org.eclipse.ui.console.ConsoleView",1427240444459
activated,view,com.altera.sbtgui.launch,12.1.1.243,"com.altera.sbtgui.launch.hardware.ByteStreamConsoleView",1427240448404
activated,editor,org.eclipse.cdt.ui,5.3.2.201202111925,"org.eclipse.cdt.ui.editor.CEditor",1427240451275
executed,command,org.eclipse.ui,3.7.0.v20110928-1505,"org.eclipse.ui.edit.cut",1427240455858
executed,command,org.eclipse.ui,3.7.0.v20110928-1505,"org.eclipse.ui.edit.paste",1427240457614
executed,command,org.eclipse.ui,3.7.0.v20110928-1505,"org.eclipse.ui.file.saveAll",1427240459025
activated,view,org.eclipse.ui.navigator.resources,3.4.300.v20110928-1505,"org.eclipse.ui.navigator.ProjectExplorer",1427240459644
deactivated,workbench,org.eclipse.ui.workbench,3.7.1.v20120104-1859,"",1427240462619
activated,workbench,org.eclipse.ui.workbench,3.7.1.v20120104-1859,"",1427240464036
deactivated,workbench,org.eclipse.ui.workbench,3.7.1.v20120104-1859,"",1427240466280
activated,workbench,org.eclipse.ui.workbench,3.7.1.v20120104-1859,"",1427240467231
executed,command,,,"com.altera.sbtgui.launch.hardware.Nios2HardwareLaunchShortcut.run",1427240467368
activated,view,com.altera.sbtgui.launch,12.1.1.243,"com.altera.sbtgui.launch.hardware.ByteStreamConsoleView",1427240468653
activated,view,org.eclipse.ui.console,3.5.100.v20111007_r372,"org.eclipse.ui.console.ConsoleView",1427240469395
